sample,genotype,animalID,batch,pet_store,condition,tissue,experiment,experiment_replicate,genotype_replicate,cage,labID,genotype_condition
AJ30_1_2_CACAAGATCC-TGTCCGGTTG,wt_deer_mouse,AJ30_1,1,,ch,si,AJ30,AJ30_A,wt_deer_mouse_1,1,AJ30_1_2,wt_deer_mouse.ch
AJ30_1_3_CGATCTCAGG-TGGAGGTTCG,wt_deer_mouse,AJ30_1,1,,ch,liv,AJ30,AJ30_A,wt_deer_mouse_1,1,AJ30_1_3,wt_deer_mouse.ch
AJ30_1_4_CAGAAGATGG-TTCCGGAGAA,wt_deer_mouse,AJ30_1,1,,ch,lung,AJ30,AJ30_A,wt_deer_mouse_1,1,AJ30_1_4,wt_deer_mouse.ch
AJ30_2_2_CTGCTAGCTG-CGGCCAAGTT,STAT2_deer_mouse,AJ30_2,1,,ch,si,AJ30,AJ30_A,STAT2_deer_mouse_1,1,AJ30_2_2,STAT2_deer_mouse.ch
AJ30_2_3_CCTGCTGGAA-CAACTTCCAA,STAT2_deer_mouse,AJ30_2,1,,ch,liv,AJ30,AJ30_A,STAT2_deer_mouse_1,1,AJ30_2_3,STAT2_deer_mouse.ch
AJ30_2_4_TGATACATCC-CGGAGTGTGT,STAT2_deer_mouse,AJ30_2,1,,ch,lung,AJ30,AJ30_A,STAT2_deer_mouse_1,1,AJ30_2_4,STAT2_deer_mouse.ch
AJ30_3_2_ACCGGTCGAA-CTATGTTCCA,STAT2_deer_mouse,AJ30_3,1,,ch,si,AJ30,AJ30_A,STAT2_deer_mouse_2,1,AJ30_3_2,STAT2_deer_mouse.ch
AJ30_3_3_GAGCTGTATA-GTACTCCTGG,STAT2_deer_mouse,AJ30_3,1,,ch,liv,AJ30,AJ30_A,STAT2_deer_mouse_2,1,AJ30_3_3,STAT2_deer_mouse.ch
AJ30_3_4_GCGCGTAGTT-TAGTGACCAG,STAT2_deer_mouse,AJ30_3,1,,ch,lung,AJ30,AJ30_A,STAT2_deer_mouse_2,1,AJ30_3_4,STAT2_deer_mouse.ch
AJ30_4_2_GCACGTTCTA-TAGATCCGAA,IFNLAR_mus,AJ30_4,1,,ch,si,AJ30,AJ30_A,IFNLAR_mus,1,AJ30_4_2,IFNLAR_mus.ch
AJ30_4_3_AACCTGACGG-CGACGAACCT,IFNLAR_mus,AJ30_4,1,,ch,liv,AJ30,AJ30_A,IFNLAR_mus,1,AJ30_4_3,IFNLAR_mus.ch
AJ30_4_4_GTTGTCTGCG-GTGGCACGAA,IFNLAR_mus,AJ30_4,1,,ch,lung,AJ30,AJ30_A,IFNLAR_mus,1,AJ30_4_4,IFNLAR_mus.ch
AJ30_5_2_AAGGAAGGAA-CACGATTCCG,pet_store,AJ30_5,1,d,ch,si,AJ30,AJ30_A,pet_store,1,AJ30_5_2,pet_store
AJ30_5_3_AAGCTCGTGG-TCTTCAGGTC,pet_store,AJ30_5,1,d,ch,liv,AJ30,AJ30_A,pet_store,1,AJ30_5_3,pet_store
AJ30_5_4_CTTAGCGCTG-TCCATGATCT,pet_store,AJ30_5,1,d,ch,lung,AJ30,AJ30_A,pet_store,1,AJ30_5_4,pet_store
AJ30c_11_2_CCATCCTGTG-CGCCTTGAGA,STAT2_deer_mouse,AJ30c_11,1,,spf,si,AJ30,AJ30,STAT2_deer_mouse_1,1,AJ30c_11_2,STAT2_deer_mouse.spf
AJ30c_11_3_TCACATGAGA-GGCTTGTCGA,STAT2_deer_mouse,AJ30c_11,1,,spf,liv,AJ30,AJ30,STAT2_deer_mouse_1,1,AJ30c_11_3,STAT2_deer_mouse.spf
AJ30c_11_4_AGCGGTCTTC-AAGTACCACT,STAT2_deer_mouse,AJ30c_11,1,,spf,lung,AJ30,AJ30,STAT2_deer_mouse_1,1,AJ30c_11_4,STAT2_deer_mouse.spf
AJ30c_12_2_GGCAGTTAGA-TGGTACTTAG,STAT2_deer_mouse,AJ30c_12,2,,spf,si,AJ30,AJ30,STAT2_deer_mouse_2,1,AJ30c_12_2,STAT2_deer_mouse.spf
AJ30c_12_3_TATTCGTTGG-TGATGTCGAA,STAT2_deer_mouse,AJ30c_12,2,,spf,liv,AJ30,AJ30,STAT2_deer_mouse_2,1,AJ30c_12_3,STAT2_deer_mouse.spf
AJ30c_12_4_GCGACCGATT-ACAAGTGCAA,STAT2_deer_mouse,AJ30c_12,2,,spf,lung,AJ30,AJ30,STAT2_deer_mouse_2,1,AJ30c_12_4,STAT2_deer_mouse.spf
AJ30_10_2_TGACTCAGAA-CAATCAACGG,pet_store,AJ30_10,2,d,ch,si,AJ30,AJ30_B,pet_store,2,AJ30_10_2,pet_store
AJ30_10_3_AACGAGGCGT-AACACTTGTC,pet_store,AJ30_10,2,d,ch,liv,AJ30,AJ30_B,pet_store,2,AJ30_10_3,pet_store
AJ30_10_4_CAACTTCCAA-GTAAGAGCTC,pet_store,AJ30_10,2,d,ch,lung,AJ30,AJ30_B,pet_store,2,AJ30_10_4,pet_store
AJ30_6_2_AGAGAGATAG-ACCGATTAGA,wt_deer_mouse,AJ30_6,2,,ch,si,AJ30,AJ30_B,wt_deer_mouse_1,2,AJ30_6_2,wt_deer_mouse.ch
AJ30_6_3_GTCCAAGCTC-TGTGCGTTAA,wt_deer_mouse,AJ30_6,2,,ch,liv,AJ30,AJ30_B,wt_deer_mouse_1,2,AJ30_6_3,wt_deer_mouse.ch
AJ30_6_4_ATCAGCCTCC-GTACATACTC,wt_deer_mouse,AJ30_6,2,,ch,lung,AJ30,AJ30_B,wt_deer_mouse_1,2,AJ30_6_4,wt_deer_mouse.ch
AJ30_7_2_GGTTCCTATT-TAATTCCAGC,STAT2_deer_mouse,AJ30_7,2,,ch,si,AJ30,AJ30_B,STAT2_deer_mouse_1,2,AJ30_7_2,STAT2_deer_mouse.ch
AJ30_7_3_CTAGACTTCG-CCAACTCCGA,STAT2_deer_mouse,AJ30_7,2,,ch,liv,AJ30,AJ30_B,STAT2_deer_mouse_1,2,AJ30_7_3,STAT2_deer_mouse.ch
AJ30_7_4_TGCAGTGCTC-AGGTGTTCTA,STAT2_deer_mouse,AJ30_7,2,,ch,lung,AJ30,AJ30_B,STAT2_deer_mouse_1,2,AJ30_7_4,STAT2_deer_mouse.ch
AJ30_8_2_TTCACGAGCG-GTGAGAAGCG,STAT2_deer_mouse,AJ30_8,2,,ch,si,AJ30,AJ30_B,STAT2_deer_mouse_2,2,AJ30_8_2,STAT2_deer_mouse.ch
AJ30_8_3_TCCAAGGTAA-GGAGTCATCG,STAT2_deer_mouse,AJ30_8,2,,ch,liv,AJ30,AJ30_B,STAT2_deer_mouse_2,2,AJ30_8_3,STAT2_deer_mouse.ch
AJ30_8_4_GAGCTCAGAC-TCTTAACTGG,STAT2_deer_mouse,AJ30_8,2,,ch,lung,AJ30,AJ30_B,STAT2_deer_mouse_2,2,AJ30_8_4,STAT2_deer_mouse.ch
AJ30_9_2_GGCACAACCT-CAGGAGTCTA,IFNLAR_mus,AJ30_9,2,,ch,si,AJ30,AJ30_B,IFNLAR_mus,2,AJ30_9_2,IFNLAR_mus.ch
AJ30_9_3_CTTGGTAGCA-CCAACCTATA,IFNLAR_mus,AJ30_9,2,,ch,liv,AJ30,AJ30_B,IFNLAR_mus,2,AJ30_9_3,IFNLAR_mus.ch
AJ30_9_4_ACCTGGACAA-CAGATAAGCG,IFNLAR_mus,AJ30_9,2,,ch,lung,AJ30,AJ30_B,IFNLAR_mus,2,AJ30_9_4,IFNLAR_mus.ch
AJ32_1_2_ATCGCCTATA-TATGAGCCAA,wt_deer_mouse,AJ32_1,3,,ch,si,AJ32,AJ32,wt_deer_mouse_1,1,AJ32_1_2,wt_deer_mouse.ch
AJ32_1_3_CACAGAACGG-ATCACTCACA,wt_deer_mouse,AJ32_1,3,,ch,liv,AJ32,AJ32,wt_deer_mouse_1,1,AJ32_1_3,wt_deer_mouse.ch
AJ32_1_4_TAATTCCAGC-ATCGTATTCG,wt_deer_mouse,AJ32_1,3,,ch,lung,AJ32,AJ32,wt_deer_mouse_1,1,AJ32_1_4,wt_deer_mouse.ch
AJ32_2_2_CGGATTCCTG-CCGTATTCTG,wt_deer_mouse,AJ32_2,3,,ch,si,AJ32,AJ32,wt_deer_mouse_2,1,AJ32_2_2,wt_deer_mouse.ch
AJ32_2_3_ATGGATCGAA-TTGCTGAGTT,wt_deer_mouse,AJ32_2,3,,ch,liv,AJ32,AJ32,wt_deer_mouse_2,1,AJ32_2_3,wt_deer_mouse.ch
AJ32_2_4_GTCGCGGTTA-CTGGTGAGGT,wt_deer_mouse,AJ32_2,3,,ch,lung,AJ32,AJ32,wt_deer_mouse_2,1,AJ32_2_4,wt_deer_mouse.ch
AJ32_3_2_TCACACGTGG-GACCTATACA,STAT2_deer_mouse,AJ32_3,3,,ch,si,AJ32,AJ32,STAT2_deer_mouse_1,1,AJ32_3_2,STAT2_deer_mouse.ch
AJ32_3_3_GGTCTCACCT-TCAATCGTCT,STAT2_deer_mouse,AJ32_3,3,,ch,liv,AJ32,AJ32,STAT2_deer_mouse_1,1,AJ32_3_3,STAT2_deer_mouse.ch
AJ32_3_4_TTCTGCGTCG-GGTGTACGAA,STAT2_deer_mouse,AJ32_3,3,,ch,lung,AJ32,AJ32,STAT2_deer_mouse_1,1,AJ32_3_4,STAT2_deer_mouse.ch
AJ32_4_2_GCAGCATTCC-TGTGGTATAC,STAT2_deer_mouse,AJ32_4,3,,ch,si,AJ32,AJ32,STAT2_deer_mouse_2,1,AJ32_4_2,STAT2_deer_mouse.ch
AJ32_4_3_CAACACCGTA-GAACAAGCCG,STAT2_deer_mouse,AJ32_4,3,,ch,liv,AJ32,AJ32,STAT2_deer_mouse_2,1,AJ32_4_3,STAT2_deer_mouse.ch
AJ32_4_4_ACGCATACTT-TCTCGTACTT,STAT2_deer_mouse,AJ32_4,3,,ch,lung,AJ32,AJ32,STAT2_deer_mouse_2,1,AJ32_4_4,STAT2_deer_mouse.ch
AJ32_6_11_d0_ACCAAGCCAA-TACAAGGCGG,pet_store,AJ32_6,3,f,ch,feces_d0,AJ32,AJ32,pet_store,1,AJ32_6_11_d0,pet_store
AJ32_6_11_d3_CCAATTGTCC-GCTCATACGC,pet_store,AJ32_6,3,f,ch,feces_d3,AJ32,AJ32,pet_store,1,AJ32_6_11_d3,pet_store
AJ32_6_2_CCGTGGTGAA-CCGTCCAGTT,pet_store,AJ32_6,3,f,ch,si,AJ32,AJ32,pet_store,1,AJ32_6_2,pet_store
AJ32_6_3_CGAATATTGG-CAGCACGGAA,pet_store,AJ32_6,3,f,ch,liv,AJ32,AJ32,pet_store,1,AJ32_6_3,pet_store
AJ32_6_4_GGCTGCACAA-AGAGGTCCGA,pet_store,AJ32_6,3,f,ch,lung,AJ32,AJ32,pet_store,1,AJ32_6_4,pet_store
AJ32c_10_2_GAGGTTGTTA-CCAGTGCACA,STAT2_deer_mouse,AJ32c_10,3,,spf,si,AJ32,AJ32,STAT2_deer_mouse_3,1,AJ32c_10_2,STAT2_deer_mouse.spf
AJ32c_10_3_GTGGCACGAA-TGCTAATTGG,STAT2_deer_mouse,AJ32c_10,3,,spf,liv,AJ32,AJ32,STAT2_deer_mouse_3,1,AJ32c_10_3,STAT2_deer_mouse.spf
AJ32c_10_4_CACGTAAGGT-CCTCTAAGCT,STAT2_deer_mouse,AJ32c_10,3,,spf,lung,AJ32,AJ32,STAT2_deer_mouse_3,1,AJ32c_10_4,STAT2_deer_mouse.spf
AJ32c_11_2_AGAGTATCAG-ACCTGTATCC,STAT2_deer_mouse,AJ32c_11,4,,spf,si,AJ32,AJ32,STAT2_deer_mouse_4,1,AJ32c_11_2,STAT2_deer_mouse.spf
AJ32c_11_3_AAGCCTTAGA-TCATAACACG,STAT2_deer_mouse,AJ32c_11,4,,spf,liv,AJ32,AJ32,STAT2_deer_mouse_4,1,AJ32c_11_3,STAT2_deer_mouse.spf
AJ32c_11_4_TCACTTCATG-GTGGTCGCAA,STAT2_deer_mouse,AJ32c_11,4,,spf,lung,AJ32,AJ32,STAT2_deer_mouse_4,1,AJ32c_11_4,STAT2_deer_mouse.spf
AJ32c_7_2_CAGACGCCTT-CAGAGCTCAA,wt_deer_mouse,AJ32c_7,3,,spf,si,AJ32,AJ32,wt_deer_mouse_1,1,AJ32c_7_2,wt_deer_mouse.spf
AJ32c_7_3_CTGGCGTATG-GTAACATTGG,wt_deer_mouse,AJ32c_7,3,,spf,liv,AJ32,AJ32,wt_deer_mouse_1,1,AJ32c_7_3,wt_deer_mouse.spf
AJ32c_7_4_CGCTAAGGCT-AACCGGCACA,wt_deer_mouse,AJ32c_7,3,,spf,lung,AJ32,AJ32,wt_deer_mouse_1,1,AJ32c_7_4,wt_deer_mouse.spf
AJ32c_8_2_AATTGCCAGA-ACGGTACGTT,wt_deer_mouse,AJ32c_8,4,,spf,si,AJ32,AJ32,wt_deer_mouse_2,1,AJ32c_8_2,wt_deer_mouse.spf
AJ32c_8_3_GGTCATCTCG-TCCGCATAGC,wt_deer_mouse,AJ32c_8,4,,spf,liv,AJ32,AJ32,wt_deer_mouse_2,1,AJ32c_8_3,wt_deer_mouse.spf
AJ32c_8_4_AATCACGACC-ACTTCTGGTG,wt_deer_mouse,AJ32c_8,4,,spf,lung,AJ32,AJ32,wt_deer_mouse_2,1,AJ32c_8_4,wt_deer_mouse.spf
AJ32c_9_2_TGATACCAGA-TGTGAAGGCC,wt_deer_mouse,AJ32c_9,3,,spf,si,AJ32,AJ32,wt_deer_mouse_3,1,AJ32c_9_2,wt_deer_mouse.spf
AJ32c_9_3_TGTCGAACAA-TAGATTCTGG,wt_deer_mouse,AJ32c_9,3,,spf,liv,AJ32,AJ32,wt_deer_mouse_3,1,AJ32c_9_3,wt_deer_mouse.spf
AJ32c_9_4_GTAGCTGTCG-TTAACGCAGA,wt_deer_mouse,AJ32c_9,3,,spf,lung,AJ32,AJ32,wt_deer_mouse_3,1,AJ32c_9_4,wt_deer_mouse.spf
AJ34_1_2_TAGATCCGAA-ACTTCGATAG,wt_deer_mouse,AJ34_1,4,,ch,si,AJ34,AJ34,wt_deer_mouse_1,1,AJ34_1_2,wt_deer_mouse.ch
AJ34_1_3_AGGTGTGACC-GAGTTCGGAG,wt_deer_mouse,AJ34_1,4,,ch,liv,AJ34,AJ34,wt_deer_mouse_1,1,AJ34_1_3,wt_deer_mouse.ch
AJ34_1_4_ATCCAATAGG-TCGTCATCTT,wt_deer_mouse,AJ34_1,4,,ch,lung,AJ34,AJ34,wt_deer_mouse_1,1,AJ34_1_4,wt_deer_mouse.ch
AJ34_2_2_TCTTAACTGG-TTCAGGCCGA,wt_deer_mouse,AJ34_2,4,,ch,si,AJ34,AJ34,wt_deer_mouse_2,1,AJ34_2_2,wt_deer_mouse.ch
AJ34_2_3_CCAGAGTTCC-CGAGAGACAT,wt_deer_mouse,AJ34_2,4,,ch,liv,AJ34,AJ34,wt_deer_mouse_2,1,AJ34_2_3,wt_deer_mouse.ch
AJ34_2_4_AGACCGTTAA-TGGCAATACA,wt_deer_mouse,AJ34_2,4,,ch,lung,AJ34,AJ34,wt_deer_mouse_2,1,AJ34_2_4,wt_deer_mouse.ch
AJ34_3_2_GTCACATCCG-AGAACAGTGA,STAT2_deer_mouse,AJ34_3,4,,ch,si,AJ34,AJ34,STAT2_deer_mouse_1,1,AJ34_3_2,STAT2_deer_mouse.ch
AJ34_3_3_CCAGTGATTG-AAGTGCACCT,STAT2_deer_mouse,AJ34_3,4,,ch,liv,AJ34,AJ34,STAT2_deer_mouse_1,1,AJ34_3_3,STAT2_deer_mouse.ch
AJ34_3_4_ACTATTGACC-GCCGATGGTT,STAT2_deer_mouse,AJ34_3,4,,ch,lung,AJ34,AJ34,STAT2_deer_mouse_1,1,AJ34_3_4,STAT2_deer_mouse.ch
AJ34_4_2_TGAAGCATCT-GTTAGATACC,STAT2_deer_mouse,AJ34_4,4,,ch,si,AJ34,AJ34,STAT2_deer_mouse_2,1,AJ34_4_2,STAT2_deer_mouse.ch
AJ34_4_3_GACTGACATA-ATGCGGCCAA,STAT2_deer_mouse,AJ34_4,4,,ch,liv,AJ34,AJ34,STAT2_deer_mouse_2,1,AJ34_4_3,STAT2_deer_mouse.ch
AJ34_4_4_GCCTAATTCC-AGGTTGCACG,STAT2_deer_mouse,AJ34_4,4,,ch,lung,AJ34,AJ34,STAT2_deer_mouse_2,1,AJ34_4_4,STAT2_deer_mouse.ch
AJ34_5_2_CGGACTACTT-CCTTAATACG,IFNLAR_mus,AJ34_5,4,,ch,si,AJ34,AJ34,IFNLAR_mus,1,AJ34_5_2,IFNLAR_mus.ch
AJ34_5_3_GCGATCCTTG-CTCAGACACC,IFNLAR_mus,AJ34_5,4,,ch,liv,AJ34,AJ34,IFNLAR_mus,1,AJ34_5_3,IFNLAR_mus.ch
AJ34_5_4_GTAGGTACAA-CACTCAAGAA,IFNLAR_mus,AJ34_5,4,,ch,lung,AJ34,AJ34,IFNLAR_mus,1,AJ34_5_4,IFNLAR_mus.ch
AJ34_6_11_0_TTGTCACGTT-TGTGTAGCGG,pet_store,AJ34_6,4,a,ch,feces_d0,AJ34,AJ34,pet_store,1,AJ34_6_11_0,pet_store
AJ34_6_11_1_CAACGACTGA-CCTGACAGAG,pet_store,AJ34_6,4,a,ch,feces_d1,AJ34,AJ34,pet_store,1,AJ34_6_11_1,pet_store
AJ34_6_11_2_GATTCGGCTA-AGACCGTTAA,pet_store,AJ34_6,4,a,ch,feces_d2,AJ34,AJ34,pet_store,1,AJ34_6_11_2,pet_store
AJ34_6_11_3_TGGTGGCTAG-AAGGTCATCG,pet_store,AJ34_6,4,a,ch,feces_d3,AJ34,AJ34,pet_store,1,AJ34_6_11_3,pet_store
AJ34_6_11_4_AGGCCAGGAT-ACTCCTGCCT,pet_store,AJ34_6,4,a,ch,feces_d4,AJ34,AJ34,pet_store,1,AJ34_6_11_4,pet_store
AJ34_6_2_AACGGAGTCC-GACACTCCTA,pet_store,AJ34_6,4,a,ch,si,AJ34,AJ34,pet_store,1,AJ34_6_2,pet_store
AJ34_6_3_TGTTCCACTT-AATGGCACGG,pet_store,AJ34_6,4,a,ch,liv,AJ34,AJ34,pet_store,1,AJ34_6_3,pet_store
AJ34_6_4_TGCGACTTCG-TTGTTGCAGA,pet_store,AJ34_6,4,a,ch,lung,AJ34,AJ34,pet_store,1,AJ34_6_4,pet_store
AJ35_10_2_CGTATGTGAA-AGGTAGTGCG,pet_store,AJ35_10,5,a,ch,si,AJ35,AJ35,pet_store,1,AJ35_10_2,pet_store
AJ35_10_3_CATGTCAGCT-GTGGAGGACT,pet_store,AJ35_10,5,a,ch,liv,AJ35,AJ35,pet_store,1,AJ35_10_3,pet_store
AJ35_10_4_CTTATAGAGG-CATAACGTTG,pet_store,AJ35_10,5,a,ch,lung,AJ35,AJ35,pet_store,1,AJ35_10_4,pet_store
AJ35_10_11_0_TACGCTAGTT-TTAGTCTGCT,pet_store,AJ35_10,5,a,ch,feces_d0,AJ35,AJ35,pet_store,1,AJ35_6_11_0,pet_store
AJ35_10_11_1_TCTGTCGTGC-ACTAGTGCTT,pet_store,AJ35_10,5,a,ch,feces_d1,AJ35,AJ35,pet_store,1,AJ35_6_11_1,pet_store
AJ35_10_11_2_GATCTTGGCA-CGCTGTCTAA,pet_store,AJ35_10,5,a,ch,feces_d2,AJ35,AJ35,pet_store,1,AJ35_6_11_2,pet_store
AJ35_10_11_4_TGGAGAGCCA-TTGTGCCTAA,pet_store,AJ35_10,5,a,ch,feces_d4,AJ35,AJ35,pet_store,1,AJ35_6_11_4,pet_store
AJ35_7_2_AACGCCTGTG-CGAGTCCGTT,wt_deer_mouse,AJ35_7,5,,ch,si,AJ35,AJ35,wt_deer_mouse_1,1,AJ35_7_2,wt_deer_mouse.ch
AJ35_7_3_TACGTCACAA-CGTGGTATGG,wt_deer_mouse,AJ35_7,5,,ch,liv,AJ35,AJ35,wt_deer_mouse_1,1,AJ35_7_3,wt_deer_mouse.ch
AJ35_7_4_ACAGCGTCAC-CGAATGACTA,wt_deer_mouse,AJ35_7,5,,ch,lung,AJ35,AJ35,wt_deer_mouse_1,1,AJ35_7_4,wt_deer_mouse.ch
AJ35_9_2_CGTGTGAGTG-GCCGAACCAA,IFNLAR_mus,AJ35_9,5,,ch,si,AJ35,AJ35,IFNLAR_mus,1,AJ35_9_2,IFNLAR_mus.ch
AJ35_9_3_GGAAGATCCG-TACCGAATTC,IFNLAR_mus,AJ35_9,5,,ch,liv,AJ35,AJ35,IFNLAR_mus,1,AJ35_9_3,IFNLAR_mus.ch
AJ35_9_4_TGTTACAAGG-GCGACCTCAA,IFNLAR_mus,AJ35_9,5,,ch,lung,AJ35,AJ35,IFNLAR_mus,1,AJ35_9_4,IFNLAR_mus.ch