sample,genotype,condition,harvest_day,tissue,tissue_harvest,experiment,cage,labID
AJ39_1_2_GGCACAACCT-CAGGAGTCTA,wt_deer_mouse,ch,3,si,si_d3,AJ39,1,AJ39_1_2
AJ39_2_2_TGACTCAGAA-CAATCAACGG,STAT2_deer_mouse,ch,3,si,si_d3,AJ39,1,AJ39_2_2
AJ39_3_2_CGATCTCAGG-TGGAGGTTCG,IFNLAR_mus,ch,3,si,si_d3,AJ39,1,AJ39_3_2
AJ39_4_2_AAGCGGAGAA-AGTTCGTACA,wt_deer_mouse,ch,5,si,si_d5,AJ39,1,AJ39_4_2
AJ39_5_2_GAGCTGTATA-GTACTCCTGG,STAT2_deer_mouse,ch,5,si,si_d5,AJ39,1,AJ39_5_2
AJ39_6_2_AACCTGACGG-CGACGAACCT,pet_store_f,ch,5,si,si_d5,AJ39,1,AJ39_6_2
AJ39_7_2_AAGCTCGTGG-TCTTCAGGTC,wt_deer_mouse,ch,3,si,si_d3,AJ39,2,AJ39_7_2
AJ39_8_2_GTCCAAGCTC-TGTGCGTTAA,STAT2_deer_mouse,ch,3,si,si_d3,AJ39,2,AJ39_8_2
AJ39_9_2_CTCCGCAGTT-TGTTCTACGG,IFNLAR_mus,ch,3,si,si_d3,AJ39,2,AJ39_9_2
AJ39_10_2_AGAACAGTGA-ACGATAACCG,wt_deer_mouse,ch,5,si,si_d5,AJ39,2,AJ39_10_2
AJ39_11_2_GCTCTTATTG-TGATACCAGA,STAT2_deer_mouse,ch,5,si,si_d5,AJ39,2,AJ39_11_2
AJ39_12_2_TGTAGACGAA-ACGCATACTT,pet_store_f,ch,5,si,si_d5,AJ39,2,AJ39_12_2
AJ39_1_3_CTTGTCGTCG-CTCGAAGGAA,wt_deer_mouse,ch,3,liv,liv_d3,AJ39,1,AJ39_1_3
AJ39_2_3_TCGTCTTACA-TATCCATAGC,STAT2_deer_mouse,ch,3,liv,liv_d3,AJ39,1,AJ39_2_3
AJ39_3_3_GAGAGGAGGA-AATGGTACCT,IFNLAR_mus,ch,3,liv,liv_d3,AJ39,1,AJ39_3_3
AJ39_4_3_GTTAGATACC-GACTCCGTAA,wt_deer_mouse,ch,5,liv,liv_d5,AJ39,1,AJ39_4_3
AJ39_5_3_GGCTTAAGAA-TAAGTCCTCA,STAT2_deer_mouse,ch,5,liv,liv_d5,AJ39,1,AJ39_5_3
AJ39_6_3_TCTGGTACAA-GGCAACTCAA,pet_store_f,ch,5,liv,liv_d5,AJ39,1,AJ39_6_3
AJ39_7_3_GTGAATTCGG-TCGCGAAGCT,wt_deer_mouse,ch,3,liv,liv_d3,AJ39,2,AJ39_7_3
AJ39_8_3_GAATGGAGAA-CTGGCGTATG,STAT2_deer_mouse,ch,3,liv,liv_d3,AJ39,2,AJ39_8_3
AJ39_9_3_AGTCAATTGG-GCTGGTCTTG,IFNLAR_mus,ch,3,liv,liv_d3,AJ39,2,AJ39_9_3
AJ39_10_3_CGCATCACCT-ACTGTCTATC,wt_deer_mouse,ch,5,liv,liv_d5,AJ39,2,AJ39_10_3
AJ39_11_3_TATTGACACC-TTCACGAGCG,STAT2_deer_mouse,ch,5,liv,liv_d5,AJ39,2,AJ39_11_3
AJ39_12_3_AGACTGTCGG-CTGTTAGAGA,pet_store_f,ch,5,liv,liv_d5,AJ39,2,AJ39_12_3
AJ39_1_4_ATCTGGACTC-CCTCCTAGGT,wt_deer_mouse,ch,3,lung,lung_d3,AJ39,1,AJ39_1_4
AJ39_2_4_GAGAATAAGG-AAGGTACAGA,STAT2_deer_mouse,ch,3,lung,lung_d3,AJ39,1,AJ39_2_4
AJ39_3_4_TGTTGTCGCC-ATGGCCTGAG,IFNLAR_mus,ch,3,lung,lung_d3,AJ39,1,AJ39_3_4
AJ39_4_4_CTGCGGTGTT-GGCTGCACAA,wt_deer_mouse,ch,5,lung,lung_d5,AJ39,1,AJ39_4_4
AJ39_5_4_GATAACTCCG-GATTCGGCTA,STAT2_deer_mouse,ch,5,lung,lung_d5,AJ39,1,AJ39_5_4
AJ39_6_4_ATCCTTGTAC-TAACAGGCTT,pet_store_f,ch,5,lung,lung_d5,AJ39,1,AJ39_6_4
AJ39_7_4_TACGCGTATA-CTACTGTACA,wt_deer_mouse,ch,3,lung,lung_d3,AJ39,2,AJ39_7_4
AJ39_8_4_CCACCAATTG-GGCAGAATCG,STAT2_deer_mouse,ch,3,lung,lung_d3,AJ39,2,AJ39_8_4
AJ39_9_4_TGTGAAGGCC-TCCTTAGCAA,IFNLAR_mus,ch,3,lung,lung_d3,AJ39,2,AJ39_9_4
AJ39_10_4_CCTTGACTGC-GCCAAGGAGT,wt_deer_mouse,ch,5,lung,lung_d5,AJ39,2,AJ39_10_4
AJ39_11_4_AATGCGTCGG-GTTCGCCTTC,STAT2_deer_mouse,ch,5,lung,lung_d5,AJ39,2,AJ39_11_4
AJ39_12_4_AAGACTACAC-CAAGGTATTG,pet_store_f,ch,5,lung,lung_d5,AJ39,2,AJ39_12_4
AJ39_6_11_0_GTCAGTGCAG-CTTGTCGTCG,pet_store_f,ch,5,feces,feces_d0,AJ39,1,AJ39_6_11-0
AJ39_6_11_1_CTCACCAGAA-GGTCAGGTTC,pet_store_f,ch,5,feces,feces_d1,AJ39,1,AJ39_6_11-1
AJ39_6_11_2_TCTCGTACTT-TGCGAGGCAA,pet_store_f,ch,5,feces,feces_d2,AJ39,1,AJ39_6_11-2
AJ39_6_11_3_TCAGATTAGG-TCGACACGAA,pet_store_f,ch,5,feces,feces_d3,AJ39,1,AJ39_6_11-3
AJ39_6_11_4_CACTCAAGAA-TTGCCATCCA,pet_store_f,ch,5,feces,feces_d4,AJ39,1,AJ39_6_11-4
AJ39_6_11_5_AGAGCCATTC-AGCTGGTGAA,pet_store_f,ch,5,feces,feces_d5,AJ39,1,AJ39_6_11-5
AJ39_12_11_0_CACGATTCCG-GCTACTCAGG,pet_store_f,ch,5,feces,feces_d0,AJ39,2,AJ39_12_11-0
AJ39_12_11_1_TTGGAGCCTG-ACGGACACCT,pet_store_f,ch,5,feces,feces_d1,AJ39,2,AJ39_12_11-1
AJ39_12_11_2_TTACGACTTG-GCAACCAGAC,pet_store_f,ch,5,feces,feces_d2,AJ39,2,AJ39_12_11-2
AJ39_12_11_3_TTAAGGTCGG-CATCTAAGAG,pet_store_f,ch,5,feces,feces_d3,AJ39,2,AJ39_12_11-3
AJ39_12_11_4_GGTTCTGTCA-GCAGGTGATA,pet_store_f,ch,5,feces,feces_d4,AJ39,2,AJ39_12_11-4
AJ39_12_11_5_GATACGCACC-CTTGCCTCTG,pet_store_f,ch,5,feces,feces_d5,AJ39,2,AJ39_12_11-5
AJ39c_13_2_TCGCGAAGCT-TGTTGACCGG,wt_deer_mouse,spf,na,si,na,AJ39c,na,AJ39c_13_2
AJ39c_14_2_GTTAAGACGG-CACCTCGTGA,wt_deer_mouse,spf,na,si,na,AJ39c,na,AJ39c_14_2
AJ39c_15_2_CCGGTCATAC-TTGTCTATGG,STAT2_deer_mouse,spf,na,si,na,AJ39c,na,AJ39c_15_2
AJ39c_16_2_GTCAGCTTAA-GTCCAAGCTC,STAT2_deer_mouse,spf,na,si,na,AJ39c,na,AJ39c_16_2
AJ39c_13_3_ACCGCGGATA-CAACACCGTA,wt_deer_mouse,spf,na,liv,na,AJ39c,na,AJ39c_13_3
AJ39c_14_3_GTTGCATCAA-TCGAGTTGAA,wt_deer_mouse,spf,na,liv,na,AJ39c,na,AJ39c_14_3
AJ39c_15_3_TGTGCACCAA-TACCTGCCTT,STAT2_deer_mouse,spf,na,liv,na,AJ39c,na,AJ39c_15_3
AJ39c_16_3_ATCTGTGGTC-GAATTGGCCG,STAT2_deer_mouse,spf,na,liv,na,AJ39c,na,AJ39c_16_3
AJ39c_13_4_CACAAGATCC-TGTCCGGTTG,wt_deer_mouse,spf,na,lung,na,AJ39c,na,AJ39c_13_4
AJ39c_14_4_CTGCTAGCTG-CGGCCAAGTT,wt_deer_mouse,spf,na,lung,na,AJ39c,na,AJ39c_14_4
AJ39c_15_4_ACCGGTCGAA-CTATGTTCCA,STAT2_deer_mouse,spf,na,lung,na,AJ39c,na,AJ39c_15_4
AJ39c_16_4_GCACGTTCTA-TAGATCCGAA,STAT2_deer_mouse,spf,na,lung,na,AJ39c,na,AJ39c_16_4