Sample,genotype,condition,tissue,experiment,cage,labID
AJ32_1_2_ATCGCCTATA-TATGAGCCAA,wt_deer_mouse_1,ch,si,AJ32,1,AJ32_1_2
AJ32_1_3_CACAGAACGG-ATCACTCACA,wt_deer_mouse_1,ch,liv,AJ32,1,AJ32_1_3
AJ32_1_4_TAATTCCAGC-ATCGTATTCG,wt_deer_mouse_1,ch,lung,AJ32,1,AJ32_1_4
AJ32_2_2_CGGATTCCTG-CCGTATTCTG,wt_deer_mouse_2,ch,si,AJ32,1,AJ32_2_2
AJ32_2_3_ATGGATCGAA-TTGCTGAGTT,wt_deer_mouse_2,ch,liv,AJ32,1,AJ32_2_3
AJ32_2_4_GTCGCGGTTA-CTGGTGAGGT,wt_deer_mouse_2,ch,lung,AJ32,1,AJ32_2_4
AJ32_3_2_TCACACGTGG-GACCTATACA,STAT2_deer_mouse_1,ch,si,AJ32,1,AJ32_3_2
AJ32_3_3_GGTCTCACCT-TCAATCGTCT,STAT2_deer_mouse_1,ch,liv,AJ32,1,AJ32_3_3
AJ32_3_4_TTCTGCGTCG-GGTGTACGAA,STAT2_deer_mouse_1,ch,lung,AJ32,1,AJ32_3_4
AJ32_4_2_GCAGCATTCC-TGTGGTATAC,STAT2_deer_mouse_2,ch,si,AJ32,1,AJ32_4_2
AJ32_4_3_CAACACCGTA-GAACAAGCCG,STAT2_deer_mouse_2,ch,liv,AJ32,1,AJ32_4_3
AJ32_4_4_ACGCATACTT-TCTCGTACTT,STAT2_deer_mouse_2,ch,lung,AJ32,1,AJ32_4_4
AJ32c_10_2_GAGGTTGTTA-CCAGTGCACA,STAT2_deer_mouse_1,spf,si,AJ32,1,AJ32c_10_2
AJ32c_10_3_GTGGCACGAA-TGCTAATTGG,STAT2_deer_mouse_1,spf,liv,AJ32,1,AJ32c_10_3
AJ32c_10_4_CACGTAAGGT-CCTCTAAGCT,STAT2_deer_mouse_1,spf,lung,AJ32,1,AJ32c_10_4
AJ32c_11_2_AGAGTATCAG-ACCTGTATCC,STAT2_deer_mouse_2,spf,si,AJ32,1,AJ32c_11_2
AJ32c_11_3_AAGCCTTAGA-TCATAACACG,STAT2_deer_mouse_2,spf,liv,AJ32,1,AJ32c_11_3
AJ32c_11_4_TCACTTCATG-GTGGTCGCAA,STAT2_deer_mouse_2,spf,lung,AJ32,1,AJ32c_11_4
AJ32c_7_2_CAGACGCCTT-CAGAGCTCAA,wt_deer_mouse_1,spf,si,AJ32,1,AJ32c_7_2
AJ32c_7_3_CTGGCGTATG-GTAACATTGG,wt_deer_mouse_1,spf,liv,AJ32,1,AJ32c_7_3
AJ32c_7_4_CGCTAAGGCT-AACCGGCACA,wt_deer_mouse_1,spf,lung,AJ32,1,AJ32c_7_4
AJ32c_8_2_AATTGCCAGA-ACGGTACGTT,wt_deer_mouse_2,spf,si,AJ32,1,AJ32c_8_2
AJ32c_8_3_GGTCATCTCG-TCCGCATAGC,wt_deer_mouse_2,spf,liv,AJ32,1,AJ32c_8_3
AJ32c_8_4_AATCACGACC-ACTTCTGGTG,wt_deer_mouse_2,spf,lung,AJ32,1,AJ32c_8_4
AJ32c_9_2_TGATACCAGA-TGTGAAGGCC,wt_deer_mouse_3,spf,si,AJ32,1,AJ32c_9_2
AJ32c_9_3_TGTCGAACAA-TAGATTCTGG,wt_deer_mouse_3,spf,liv,AJ32,1,AJ32c_9_3
AJ32c_9_4_GTAGCTGTCG-TTAACGCAGA,wt_deer_mouse_3,spf,lung,AJ32,1,AJ32c_9_4
