Sample,genotype,condition,harvest_day,tissue,experiment,cage,labID
AJ39_3_2_CGATCTCAGG-TGGAGGTTCG,IFNLAR_mus,ch,3,si,AJ39,1,AJ39_3_2
AJ39_6_2_AACCTGACGG-CGACGAACCT,pet_store_f,ch,5,si,AJ39,1,AJ39_6_2
AJ39_9_2_CTCCGCAGTT-TGTTCTACGG,IFNLAR_mus,ch,3,si,AJ39,2,AJ39_9_2
AJ39_12_2_TGTAGACGAA-ACGCATACTT,pet_store_f,ch,5,si,AJ39,2,AJ39_12_2
AJ39_3_3_GAGAGGAGGA-AATGGTACCT,IFNLAR_mus,ch,3,liv,AJ39,1,AJ39_3_3
AJ39_6_3_TCTGGTACAA-GGCAACTCAA,pet_store_f,ch,5,liv,AJ39,1,AJ39_6_3
AJ39_9_3_AGTCAATTGG-GCTGGTCTTG,IFNLAR_mus,ch,3,liv,AJ39,2,AJ39_9_3
AJ39_12_3_AGACTGTCGG-CTGTTAGAGA,pet_store_f,ch,5,liv,AJ39,2,AJ39_12_3
AJ39_3_4_TGTTGTCGCC-ATGGCCTGAG,IFNLAR_mus,ch,3,lung,AJ39,1,AJ39_3_4
AJ39_6_4_ATCCTTGTAC-TAACAGGCTT,pet_store_f,ch,5,lung,AJ39,1,AJ39_6_4
AJ39_9_4_TGTGAAGGCC-TCCTTAGCAA,IFNLAR_mus,ch,3,lung,AJ39,2,AJ39_9_4
AJ39_12_4_AAGACTACAC-CAAGGTATTG,pet_store_f,ch,5,lung,AJ39,2,AJ39_12_4
AJ39_6_11_0_GTCAGTGCAG-CTTGTCGTCG,pet_store_f,ch,5,feces_d0,AJ39,1,AJ39_6_11-0
AJ39_6_11_1_CTCACCAGAA-GGTCAGGTTC,pet_store_f,ch,5,feces_d1,AJ39,1,AJ39_6_11-1
AJ39_6_11_2_TCTCGTACTT-TGCGAGGCAA,pet_store_f,ch,5,feces_d2,AJ39,1,AJ39_6_11-2
AJ39_6_11_3_TCAGATTAGG-TCGACACGAA,pet_store_f,ch,5,feces_d3,AJ39,1,AJ39_6_11-3
AJ39_6_11_4_CACTCAAGAA-TTGCCATCCA,pet_store_f,ch,5,feces_d4,AJ39,1,AJ39_6_11-4
AJ39_6_11_5_AGAGCCATTC-AGCTGGTGAA,pet_store_f,ch,5,feces_d5,AJ39,1,AJ39_6_11-5
AJ39_12_11_0_CACGATTCCG-GCTACTCAGG,pet_store_f,ch,5,feces_d0,AJ39,2,AJ39_12_11-0
AJ39_12_11_1_TTGGAGCCTG-ACGGACACCT,pet_store_f,ch,5,feces_d1,AJ39,2,AJ39_12_11-1
AJ39_12_11_2_TTACGACTTG-GCAACCAGAC,pet_store_f,ch,5,feces_d2,AJ39,2,AJ39_12_11-2
AJ39_12_11_3_TTAAGGTCGG-CATCTAAGAG,pet_store_f,ch,5,feces_d3,AJ39,2,AJ39_12_11-3
AJ39_12_11_4_GGTTCTGTCA-GCAGGTGATA,pet_store_f,ch,5,feces_d4,AJ39,2,AJ39_12_11-4
AJ39_12_11_5_GATACGCACC-CTTGCCTCTG,pet_store_f,ch,5,feces_d5,AJ39,2,AJ39_12_11-5
